# HR,RA_deg,Dec_deg,Vmag - brightest stars from the Yale Bright Star Catalogue (BSC5)
2491,101.2871,-16.7161,-1.46
2326,95.9879,-52.6958,-0.72
5340,213.9154,19.1825,-0.04
5459,219.8996,-60.8353,-0.01
7001,279.2346,38.7836,0.03
1708,79.1725,45.9981,0.08
1713,78.6346,-8.2017,0.12
2943,114.8254,5.2250,0.38
472,24.4288,-57.2367,0.46
2061,88.7929,7.4069,0.50
5267,210.9558,-60.3731,0.61
7557,297.6958,8.8683,0.77
1457,68.9800,16.5092,0.85
6134,247.3517,-26.4319,0.96
5056,201.2983,-11.1614,0.98
2990,116.3287,28.0261,1.14
8728,344.4129,-29.6222,1.16
4853,191.9300,-59.6886,1.25
7924,310.3579,45.2803,1.25
4730,186.6496,-63.0992,1.33
5460,219.9004,-60.8356,1.33
3982,152.0929,11.9672,1.35
2618,104.6562,-28.9722,1.50
4763,187.7913,-57.1133,1.63
6527,263.4021,-37.1039,1.63
1790,81.2829,6.3497,1.64
1791,81.5729,28.6075,1.65
3685,138.3000,-69.7172,1.68
1903,84.0533,-1.2019,1.70
4731,186.6521,-63.0994,1.73
8425,332.0583,-46.9611,1.74
4905,193.5071,55.9597,1.77
3207,122.3833,-47.3367,1.78
1017,51.0808,49.8611,1.79
4301,165.9321,61.7508,1.79
2693,107.0979,-26.3933,1.84
6879,276.0429,-34.3847,1.85
3307,125.6283,-59.5097,1.86
5191,206.8850,49.3133,1.86
6553,264.3300,-42.9978,1.87
2088,89.8821,44.9475,1.90
6217,252.1662,-69.0278,1.92
2421,99.4279,16.3992,1.93
7790,306.4121,-56.7350,1.94
3485,131.1758,-54.7083,1.96
2294,95.6750,-17.9558,1.98
2891,113.6500,31.8883,1.98
3748,141.8967,-8.6586,1.98
617,31.7933,23.4625,2.00
5958,239.8758,25.9203,2.00
424,37.9529,89.2642,2.02
7121,283.8163,-26.2967,2.02
188,10.8975,-17.9867,2.04
1948,85.1896,-1.9428,2.05
15,2.0971,29.0906,2.06
337,17.4329,35.6206,2.06
2004,86.9392,-9.6697,2.06
5288,211.6708,-36.3700,2.06
5563,222.6763,74.1556,2.08
6556,263.7337,12.5600,2.08
8636,340.6671,-46.8847,2.10
936,47.0421,40.9556,2.12
4534,177.2650,14.5719,2.14
4819,190.3792,-48.9597,2.17
7796,305.5571,40.2567,2.20
3634,136.9992,-43.4325,2.21
168,10.1271,56.5372,2.23
1852,83.0017,-0.2992,2.23
5793,233.6721,26.7147,2.23
6705,269.1517,51.4889,2.23
3165,120.8963,-40.0033,2.25
3699,139.2725,-59.2753,2.25
603,30.9750,42.3297,2.26
21,2.2946,59.1497,2.27
5054,200.9812,54.9253,2.27
6241,252.5408,-34.2933,2.29
5132,204.9717,-53.4664,2.30
5469,220.4825,-47.3883,2.30
5440,218.8767,-42.1578,2.31
5953,240.0833,-22.6217,2.32
4295,165.4604,56.3825,2.37
99,6.5708,-42.3061,2.39
8308,326.0467,9.8750,2.39
6580,265.6221,-39.0300,2.41
8775,345.9438,28.0828,2.42
6378,257.5946,-15.7247,2.43
4554,178.4575,53.6947,2.44
8162,319.6450,62.5856,2.44
2827,111.0238,-29.3031,2.45
7949,311.5529,33.9703,2.46
264,14.1771,60.7167,2.47
8781,346.1904,15.2053,2.49
3734,140.5283,-55.0108,2.50
911,45.5700,4.0897,2.53
5231,208.8850,-47.2883,2.55
4357,168.5271,20.5236,2.56
6175,249.2896,-10.5672,2.56
1865,83.1825,-17.8222,2.58
4662,183.9517,-17.5419,2.59
4621,182.0896,-50.7225,2.60
7194,285.6529,-29.8803,2.60
4057,154.9929,19.8417,2.61
5685,229.2517,-9.3831,2.61
2095,89.9304,37.2125,2.62
5984,241.3592,-19.8056,2.62
553,28.6600,20.8081,2.64
1956,84.9121,-34.0742,2.64
4786,188.5967,-23.3967,2.65
5854,236.0671,6.4256,2.65
403,21.4542,60.2353,2.68
5235,208.6713,18.3978,2.68
5571,224.6329,-43.1339,2.68
1577,74.2483,33.1661,2.69
4216,161.6925,-49.4200,2.69
4798,189.2958,-69.1356,2.69
6508,262.6908,-37.2958,2.69
2773,109.2858,-37.0975,2.70
5506,221.2467,27.0742,2.70
6859,275.2487,-29.8281,2.70
7525,296.5650,10.6133,2.72
6056,243.5863,-3.6944,2.74
6132,245.9979,61.5142,2.74
5028,200.1492,-36.7122,2.75
5531,222.7196,-16.0417,2.75
4199,160.7392,-64.3944,2.76
1899,83.8583,-5.9100,2.77
6148,247.5550,21.4897,2.77
6603,265.8683,4.5672,2.77
5776,233.7854,-41.1669,2.78
1666,76.9625,-5.0864,2.79
6536,262.6083,52.3014,2.79
98,6.4379,-77.2542,2.80
4656,183.7862,-58.7489,2.80
3185,121.8858,-24.3042,2.81
6212,250.3217,31.6031,2.81
6913,276.9925,-25.4217,2.81
6165,248.9708,-28.2161,2.82
39,3.3092,15.1836,2.83
4932,195.5442,10.9592,2.83
1829,82.0613,-20.7594,2.84
1203,58.5329,31.8836,2.85
5897,238.7854,-63.4306,2.85
6461,261.3250,-55.5300,2.85
591,29.6925,-61.5697,2.86
8502,334.6254,-60.2597,2.86
1165,56.8713,24.1050,2.87
7528,296.2437,45.1308,2.87
8322,326.7600,-16.1272,2.87
2286,95.7400,22.5136,2.88
2890,113.6500,31.8886,2.88
1220,59.4633,40.0103,2.89
5671,229.7275,-68.6794,2.89
5944,239.7129,-26.1142,2.89
6084,245.2971,-25.5928,2.89
7264,287.4408,-21.0236,2.89
2845,111.7875,8.2894,2.90
4915,194.0071,38.3183,2.90
8232,322.8896,-5.5711,2.91
915,46.1992,53.5064,2.93
2553,102.4842,-50.6147,2.93
8650,340.7504,30.2214,2.94
1231,59.5075,-13.5086,2.95
4757,187.4663,-16.5156,2.95
6510,262.9604,-49.8761,2.95
8414,331.4458,-0.3197,2.96
2473,100.9829,25.1311,2.98
3873,146.4629,23.7742,2.98
1605,75.4921,43.8233,2.99
6746,271.4521,-30.4242,2.99
7235,286.3525,13.8633,2.99
622,32.3858,34.9872,3.00
1910,84.4113,21.1425,3.00
4630,182.5312,-22.6197,3.00
5020,199.7304,-23.1717,3.00
1122,55.7313,47.7875,3.01
3890,146.7754,-65.0719,3.01
4335,167.4158,44.4986,3.01
8353,328.4821,-37.3650,3.01
2282,95.0783,-30.0633,3.02
2653,105.7562,-23.8333,3.02
5435,218.0196,38.3083,3.03
6615,266.8963,-40.1269,3.03
681,34.8362,-2.9775,3.04
5193,207.4042,-42.4739,3.04
4069,155.5821,41.4994,3.05
4844,191.5704,-68.1081,3.05
5735,230.1821,71.8339,3.05
7310,288.1388,67.6617,3.07
6247,252.9675,-38.0475,3.08
7417,292.6804,27.9597,3.08
7776,305.2529,-14.7814,3.08
3547,133.8483,5.9456,3.11
4232,162.4062,-16.1936,3.11
6832,274.4067,-36.7617,3.11
7869,309.3917,-47.2914,3.11
2040,87.7400,-35.7683,3.12
3705,140.2637,34.3925,3.13
3803,142.8054,-57.0344,3.13
4467,173.9450,-63.0197,3.13
5576,224.7904,-42.1042,3.13
6285,254.6550,-55.9903,3.13
3569,134.8017,48.0417,3.14
6410,258.7579,24.8392,3.14
6418,258.7617,36.8092,3.16
1641,76.6287,41.2344,3.17
2451,99.4404,-43.1961,3.17
3775,143.2142,51.6772,3.17
6396,257.1967,65.7147,3.17
7039,281.4142,-26.9908,3.17
1543,72.4600,6.9614,3.19
1654,76.3654,-22.3711,3.19
5463,220.6267,-64.9753,3.19
6299,254.4171,9.3750,3.20
8115,318.2342,30.2269,3.20
6630,267.4646,-37.0433,3.21
8974,354.8367,77.6325,3.21
5695,230.3429,-40.6475,3.22
7710,302.8263,-0.8214,3.23
8238,322.1650,70.5608,3.23
897,44.5654,-40.3047,3.24
1208,56.8096,-74.2389,3.24
6075,244.5804,-4.6925,3.24
7178,284.7358,32.6894,3.24
2878,112.3075,-43.3014,3.25
6869,275.3275,-2.8989,3.26
165,9.8321,30.8608,3.27
1465,68.4992,-55.0450,3.27
2550,102.0475,-61.9414,3.27
5287,211.5929,-26.6825,3.27
6453,260.5025,-24.9994,3.27
8709,343.6625,-15.8208,3.27
2216,93.7192,22.5067,3.28
5603,226.0175,-25.2819,3.29
5744,231.2325,58.9661,3.29
322,16.5208,-46.7186,3.31
1702,78.2329,-16.2056,3.31
4660,183.8567,57.0325,3.31
4037,153.4342,-70.0381,3.32
4140,158.0058,-61.6853,3.32
7234,286.7350,-27.6706,3.32
6380,258.0383,-43.2392,3.33
3045,117.3237,-24.8597,3.34
4359,168.5600,15.4294,3.34
6462,261.3483,-56.3775,3.34
6698,269.7567,-9.7736,3.34
1336,63.6062,-62.4739,3.35
8465,332.7138,58.2011,3.35
1788,81.1192,-2.3969,3.36
2484,101.3225,12.8956,3.36
3323,127.5662,60.7181,3.36
7377,291.3746,3.1147,3.36
5107,203.6733,-0.5958,3.37
5708,230.6704,-44.6894,3.37
542,28.5987,63.6700,3.38
3482,131.6942,6.4189,3.38
4910,193.9008,3.3975,3.38
921,46.2942,38.8403,3.39
1412,67.1654,15.8708,3.40
4050,154.2708,-61.3322,3.40
8634,340.3654,10.8314,3.40
429,22.0913,-43.3183,3.41
544,28.2704,29.5789,3.41
5190,207.3762,-41.6878,3.41
5649,228.0712,-52.0992,3.41
5948,240.0304,-38.3969,3.41
6623,266.6146,27.7206,3.42
7913,311.2396,-66.2031,3.42
7957,311.3225,61.8389,3.43
219,12.2750,57.8158,3.44
3659,137.7417,-58.9669,3.44
4031,154.1725,23.4172,3.44
7236,286.5621,-4.8825,3.44
334,17.1475,-10.1822,3.45
4033,154.2742,42.9144,3.45
7106,282.5200,33.3628,3.45
804,40.8250,3.2358,3.47
1239,60.1700,12.4903,3.47
2646,105.4296,-27.9347,3.47
3117,119.1946,-52.9822,3.47
5681,228.8758,33.3147,3.47
7635,299.6892,19.4922,3.47
4377,169.6196,33.0942,3.48
6406,258.6621,14.3903,3.48
8684,342.5008,24.6017,3.48
8675,342.1388,-51.3169,3.49
509,26.0171,-15.9375,3.50
5602,225.4867,40.3906,3.50
6897,276.7433,-45.9683,3.51
7150,284.4325,-21.1067,3.51
3249,124.1288,9.1856,3.52
3852,145.2875,9.8922,3.52
3975,151.8333,16.7628,3.52
8694,342.4200,66.2006,3.52
1409,67.1542,19.1803,3.53
2777,110.0308,21.9822,3.53
5881,237.4050,-3.4303,3.53
6220,250.7242,38.9222,3.53
8450,332.5500,6.1978,3.53
1136,55.8121,-9.7633,3.54
1879,83.7846,9.9342,3.54
3940,149.2158,-54.5678,3.54
4450,173.2504,-31.8578,3.54
6561,264.3967,-15.3986,3.54
1998,86.7387,-14.8219,3.55
5354,214.8508,-46.0578,3.55
74,4.8571,-8.8239,3.56
674,34.1275,-51.5122,3.56
1347,64.4737,-33.7983,3.56
4382,169.8354,-14.7786,3.56
5705,230.4517,-36.2614,3.56
7665,302.1817,-66.1819,3.56
464,24.4983,48.6283,3.57
2985,116.1117,24.3981,3.57
6252,253.0838,-38.0175,3.57
6927,275.2642,72.7328,3.57
7754,304.5137,-12.5447,3.57
2763,109.5233,16.5403,3.58
5429,217.9575,30.3714,3.58
5794,234.2562,-28.1350,3.58
4700,185.3400,-60.4011,3.59
402,21.0058,-8.1833,3.60
1030,51.2033,9.0289,3.60
1735,79.4017,-6.8444,3.60
1983,86.1158,-22.4483,3.60
2540,103.1971,33.9611,3.60
3594,135.9062,47.1567,3.60
3786,142.6750,-40.4667,3.60
3017,116.3137,-37.9686,3.61
3994,152.6471,-12.3542,3.61
4540,177.6738,1.7647,3.61
437,22.8708,15.3458,3.62
3447,130.0733,-52.9219,3.62
4923,195.5675,-71.5489,3.62
6271,253.6458,-42.3614,3.62
6500,262.7746,-60.6839,3.62
6582,266.4333,-64.7239,3.62
8762,345.4804,42.3261,3.62
838,42.4958,27.2606,3.63
1178,57.2904,24.0533,3.63
7882,309.3875,14.5953,3.63
4520,176.4017,-66.7286,3.64
1346,64.9483,15.6275,3.65
4825,190.4150,-1.4494,3.65
5291,211.0971,64.3758,3.65
7986,313.7025,-58.4542,3.65
153,9.2429,53.8969,3.66
5812,234.6642,-29.7778,3.66
6743,271.6579,-50.0917,3.66
8812,347.3617,-21.1725,3.66
3757,142.8821,63.0619,3.67
5867,236.5471,15.4219,3.67
3468,130.8979,-33.1864,3.68
4826,190.4150,-1.4494,3.68
5747,231.9571,29.1058,3.68
8278,325.0229,-16.6622,3.68
1003,49.8792,-21.7578,3.69
1552,72.8017,5.6050,3.69
3884,146.3117,-62.5078,3.69
8852,349.2912,3.2822,3.69
566,28.9896,-51.6089,3.70
1142,56.2188,24.1133,3.70
6703,269.4412,29.2478,3.70
2085,89.1013,-14.1678,3.71
4518,176.5125,47.7794,3.71
5892,237.7042,4.4778,3.71
7602,298.8283,6.4067,3.71
1567,73.5629,2.4406,3.72
2077,89.8817,54.2847,3.72
5511,221.5621,1.8928,3.72
8079,316.2329,43.9278,3.72
8130,318.6979,38.0456,3.72
539,27.8650,-10.3350,3.73
1084,53.2325,-9.4583,3.73
3080,118.0542,-40.5758,3.73
6771,271.8375,9.5639,3.73
1038,51.7925,9.7328,3.74
8204,321.6667,-22.4114,3.74
8698,343.1538,-7.5797,3.74
1612,75.6196,41.0758,3.75
3614,136.0387,-47.0978,3.75
6095,245.4800,19.1531,3.75
6629,266.9733,2.7072,3.75
6688,268.3821,56.8728,3.75
8571,337.2929,58.4153,3.75
834,42.6742,55.8956,3.76
1373,65.7338,17.5425,3.76
1922,83.4062,-62.4897,3.76
6229,252.4463,-59.0414,3.76
8254,325.3687,-77.3900,3.76
8430,331.7529,25.3450,3.76
1135,56.2983,42.5786,3.77
3347,126.4342,-66.1369,3.77
7217,286.1708,-21.7417,3.77
7328,289.2758,53.3686,3.77
7906,309.9096,15.9119,3.77
7950,311.9192,-9.4958,3.77
8585,337.8229,50.2825,3.77
2736,107.1871,-70.4989,3.78
4257,163.3733,-58.8533,3.78
2650,106.0271,20.5703,3.79
2821,111.4317,27.7981,3.79
7420,292.4262,51.7297,3.79
7735,303.4079,46.7414,3.79
941,47.3742,44.8572,3.80
3888,147.7475,59.0386,3.80
4058,154.9942,19.8406,3.80
5788,233.7004,10.5375,3.80
5789,233.7004,10.5392,3.80
6588,264.8662,46.0064,3.80
1931,84.6867,-2.6000,3.81
2035,87.8304,-20.8792,3.81
4094,156.5225,-16.8364,3.81
1464,68.8875,-30.5622,3.82
3690,139.7113,36.8025,3.82
4114,156.9696,-58.7394,3.82
6149,247.7283,1.9839,3.82
7536,296.8471,18.5342,3.82
8961,354.3913,46.4581,3.82
1131,56.0796,32.2883,3.83
4247,163.3279,34.2150,3.83
5248,209.5679,-42.1008,3.83
5470,221.9650,-79.0447,3.83
6779,271.8858,28.7625,3.83
7582,297.0433,70.2678,3.83
1411,67.1438,15.9622,3.84
3445,130.1567,-46.6489,3.84
3571,133.7617,-60.6447,3.84
4167,159.3254,-48.2258,3.84
4434,172.8508,69.3311,3.84
5849,235.6858,26.2956,3.84
6895,275.9246,21.7697,3.84
8518,335.4142,-1.3872,3.84
1175,56.0500,-64.8069,3.85
2020,86.8212,-51.0664,3.85
2296,95.5283,-33.4364,3.85
2749,108.7029,-26.7728,3.85
4023,153.6842,-42.1219,3.85
4133,158.2029,9.3067,3.85
5933,239.1133,15.6617,3.85
6030,243.8596,-63.6856,3.85
6973,278.8017,-8.2442,3.85
1326,63.5004,-42.2944,3.86
4802,189.4258,-48.5411,3.86
6695,269.0633,37.2506,3.86
6812,273.4408,-21.0589,3.86
269,14.1883,38.4994,3.87
963,48.0179,-28.9869,3.87
1149,56.4567,24.3678,3.87
1481,69.5450,-14.3039,3.87
1862,82.8029,-35.4706,3.87
2580,103.5329,-24.1839,3.87
4773,188.1167,-72.1331,3.87
4787,188.3708,69.7883,3.87
5249,209.6700,-44.8036,3.87
5646,227.9838,-48.7378,3.87
25,2.3529,-45.7475,3.88
3665,138.5912,2.3142,3.88
3905,148.1908,26.0069,3.88
5089,202.7613,-39.4075,3.88
5487,220.7650,-5.6583,3.88
5928,239.2212,-29.2142,3.88
874,44.1071,-8.8981,3.89
4390,170.2517,-54.4911,3.89
4689,184.9767,-0.6669,3.89
6092,244.9350,46.3133,3.89
6102,248.3625,-78.8972,3.89
7615,299.0767,35.0833,3.89
3314,126.4150,-3.9064,3.90
7570,298.1183,1.0056,3.90
8820,347.5900,-45.2467,3.90
1251,60.7892,5.9892,3.91
3487,131.5071,-46.0417,3.91
3845,144.9642,-1.1428,3.91
4337,167.1475,-58.9750,3.91
4743,187.0100,-50.2306,3.91
5787,233.8817,-14.7894,3.91
338,17.0963,-55.2458,3.92
6324,255.0725,30.9264,3.92
8131,318.9558,5.2478,3.92
1463,69.0796,-3.3525,3.93
2970,115.3117,-9.5511,3.93
7340,290.4183,-17.8472,3.93
100,6.5508,-43.6800,3.94
3461,131.1712,18.1542,3.94
4399,170.9812,10.5292,3.94
8028,314.2933,41.1672,3.94
440,22.8129,-49.0728,3.95
854,43.5646,52.7625,3.95
2429,99.1708,-19.2558,3.95
3024,115.4550,-72.6061,3.95
5055,200.9850,54.9217,3.95
5883,237.7396,-33.6272,3.95
8667,341.6329,23.5656,3.95
1393,66.0092,-34.0169,3.96
2120,89.7867,-42.8153,3.96
2538,102.4604,-32.5086,3.96
2996,115.9521,-28.9547,3.96
4638,182.9129,-52.3686,3.96
5993,241.7017,-20.6692,3.96
7590,300.1479,-72.9106,3.96
2012,87.8725,39.1486,3.97
3438,130.0258,-35.3083,3.97
3579,135.1600,41.7828,3.97
3663,137.8192,-62.3172,3.97
6714,270.1612,2.9317,3.97
7348,290.9717,-40.6161,3.97
8556,337.3175,-43.4956,3.97
8892,350.7425,-20.1006,3.97
580,30.8587,72.4214,3.98
2227,93.7137,-6.2747,3.98
2803,109.2075,-67.9572,3.98
7751,303.8679,47.7144,3.98
8848,349.3575,-58.2358,3.99
585,30.0013,-21.0778,4.00
868,43.4704,-49.8903,4.00
3615,135.6117,-66.3961,4.00
4102,156.0987,-74.0317,4.00
5471,220.4900,-37.7936,4.00
